#
# This is the email aliases file, mapping secondary addresses
# onto a single, canonical address.
#
ineffectualproperty@users.noreply.github.com kelly.olsen@intel.com
yusuke.arai.fc@hiatchi.com yusuke.arai.fc@hitachi.com 
anarant12@gmail.com anarant12@soramitsu.co.jp
kamilsa16@gmail.com kamilsa16@soramitsu.co.jp
n.alekseev2104@gmail.com n.alekseev2104@soramitsu.co.jp
mail@kitsu.me kitsu@soramitsu.co.jp  
warchantua@gmail.com warchantua@soramitsu.co.jp
bulat@saifullin.ru bulat@soramitsu.co.jp
a@bakhtin.net bahktin@soramitsu.co.jp
emkil.russel@gmail.com emkil.russel@soramitsu.co.jp
roobertdantes@gmail.com roobertdantes@soramitsu.co.jp 
freekilluau@gmail.com  freekilluau@soramitsu.co.jp
bulat.nasrulin@gmail.com bulat.nasrulin@soramitsu.co.jp
bagf@users.noreply.github.com bagf@soramitsu.co.jp 
ssolonets@gmail.com ssolonet@soramitsu.co.jp
lira.lemur@gmail.com lira.lemur@soramitsu.co.jp
toobwn@gmail.com toobwn@soramitsu.co.jp
lebdron@gmail.com lebdron@soramitsu.co.jp
miboldyrev@gmail.com miboldyrev@soramitsu.co.jp
n.yushkevich@hotmail.com n.yushkevich@soramitsu.co.jp
kocolosk@apache.org kocoloski@us.ibm.com
duy.phnguyen@gmail.com duy.phnguyen@us.ibm.com
beemarie88@gmail.com beemarie88@us.ibm.com
ben324@gmail.com ben324@redhat.com
shazron@gmail.com shazron@adobe.com
raho.mr@gmail.com raho.mr@adobe.com
alex.glikson@gmail.com alex.glikson@cmu.edu
andrewsteed@gmail.com andrewsteed@iag.com
brendan@bytes.codes brendan@redhat.com
starpit@users.noreply.github.com nickm@us.ibm.com
jonpspri@gmail.com jonpspri@us.ibm.com
markusthoemmes@me.com markusthoemmes@redhat.com
raskinvadim@gmail.com raskinvadim@us.ibm.com
martin.henke@web.de martin.henke@de.ibm.com
tardieu@users.noreply.github.com tardieu@us.ibm.com
mpmunasinghe@users.noreply.github.com mpmunasinghe@ws02.com
tysonnorris@gmail.com tysonnorris@adobe.com
dgrove-oss@users.noreply.github.com dgrove@us.ibm.com
me@danmcweeney.com danmcweeney@adobe.com
jim@crossleys.org jim.crossley@redhat.com
github@cbickel.de cbickel@de.ibm.com
chetanm@apache.org chetanm@adobe.com
csantanapr@apache.org csantanapr@us.ibm.com
greg@greghaynes.net greg.haynes@us.ibm.com
dbox@xbox.com dbox@microsoft.com
ry@linux.com ryjones@linuxfoundation.org
mdawson@devrus.com mdawson@us.ibm.com
vieuxtech@gmail.com sam.roberts@us.ibm.com
thomas@leahfamily.plus.com thomas.leah@us.ibm.com
boneskull@boneskull.com christopher.hiller@us.ibm.com
info@bnoordhuis.nl bnoorduis@nl.ibm.com
rubys@intertwingly.net rubys@us.ibm.com
281165273@qq.com kai.chen@ziggurat.cn
phillip.l.viana@gmail.com pviana@us.ibm.com
adrian@hopebailie.com adrian@ripple.com
ale.linux@sopit.net ASO@zurich.ibm.com
cclauss@bluewin.ch cclauss@ch.ibm.com
email@michaeldolan.com mdolan@linuxfoundation.org
yangbaohua@gmail.com yangbaohua@oracle.com
srinivasan.muralidharan99@gmail.com srinivasan.muralidharan99@statestreet.com
binh1010010110@gmail.com binh1010010110@statestreet.com
sheehan@us.ibm.com sranderson@gmail.com
gregory.haskins@gmail.com gregory.haskins@statestreet.com
gari.r.singh@gmail.com garis@us.ibm.com
mtakemiya@g.ecc.u-tokyo.ac.jp takemiya@soramitsu.co.jp
mtakemiya@sangaku.local takemiya@soramitsu.co.jp
sate@takumis-macbook-pro.local sate@soramitsu.co.jp
s.a.t.e.3.ths@gmil.ocm sate@soramitsu.co.jp
mizuki@mizukis-mac.local mizuki.sonoko@gmail.com
s1210006@gmail.com s1210006@u-aizu.ac.jp
trbs@trbs.net trbs@intel.com
peter.schwarz@bicycle.io peter.schwartz@intel.com
pcasaretto@gmail.com pcasaretto@intel.com
tojalax@tojalax-mac01.local tojalax@intel.com
berp@derp.erp berp@intel.com
ubuntu@ubuntu-xenial.localdomain nobody@intel.com
cr22rc@gmail.com rineholt@us.ibm.com
balaji.viswanathan%2540gmail.com bviswana@itpeoplecorp.com
garratt.jeff@gmail.com garratt.jeff@us.ibm.com
asara.ratnakar@gmail.com asara.ratnakar@itpeoplecorp.com
cendhu@gmail.com cendhu@dtcc.com
psaradhi@gmail.com psaradhi@dtcc.com
ashutosh_kumar@hotmail.com ashutosh_kumar@us.ibm.com
latitia.haskins@gmail.com latitia.haskins@itpeoplecorp.com
balaji.viswanathan@gmail.com balaji.viswanathan@itpeoplecorp.com
barry_moz@yahoo.com bmos@us.ibm.com
ck-cc@hotmail.com ccchenbj@cn.ibm.com
troy@troyronda.com troy.ronda@securekey.com
matthew@mh-white.com whitemat@uk.ibm.com
mbwhite@users.noreply.github.com whitemat@uk.ibm.com
edmoffatt@users.noreply.github.com edmoffatt@uk.ibm.com
jonathan@levi.name jonathan@hacera.com
craig@pardey.ca craig.pardey@tdsecurities.com
j.turner3-14@student.lboro.ac.uk jake.turner1@uk.ibm.com
jakeeyturner@users.noreply.github.com ijake.turner1@uk.ibm.com
jaketurner25@live.com jake.turner1@uk.ibm.com
jt-nti@users.noreply.github.com jamest@uk.ibm.com
jthub@users.noreply.github.com jamest@uk.ibm.com
14gracel@users.noreply.github.com liam.grace@uk.ibm.com
nkl199@yahoo.co.uk nick.lincoln@uk.ibm.com
danscode@selman.org daniel.selman@clause.io 
xufengli@users.noreply.github.com xlfengnb@cn.ibm.com
fenglianxu@users.noreply.github.com xlfengnb@cn.ibm.com
torresjeff@users.noreply.github.com jttorres@us.ibm.com
seanbarclay@users.noreply.github.com sbarclay@us.ibm.com
captainludd@users.noreply.github.com rjhill@uk.ibm.com
jiangyaoguo@gmail.com jiangyaoguo@huawei.com
guojiannan1101@gmail.com guojiannan@cn.ibm.com
chris.ferris@gmail.com chrisfer@us.ibm.com
ry+home+github@walledcity.org ryjones@linuxfoundation.org
ry@walledcity.org ryjones@linuxfoundation.org
email@michaeldolan.org michael.dolan@linuxfoundation.org
